phone_name,related1,related2,related3,related4,related5,related6,related7,related8,related9,related10
Oppo Reno 11 Pro,Oppo Reno 10 Pro,Oppo Reno 11F,Oppo Reno 11,Oppo Reno 10 Pro+,Oppo Reno 10,Oppo Find X7 Ultra,Oppo A79,Vivo V30 Pro,Oppo A98 5G,Oppo A60
Oppo Reno 11,Oppo Reno 10,Oppo Reno 11 Pro,Oppo Reno 10 Pro,Oppo Reno 11F,Oppo Reno 10 Pro+,Oppo Find N3,Samsung Galaxy A05s,Oppo Find X7 Ultra,Vivo V30 Pro,Oppo A79
Oppo Reno 11F,Oppo Reno 10 Pro,Oppo Reno 11 Pro,Oppo Reno 11,Oppo A79,Oppo Reno 10,Oppo A60,Oppo Reno 10 Pro+,Vivo V30 Pro,Oppo A38,Samsung Galaxy A05s
Oppo Reno 10,Oppo Reno 11,Oppo Reno 11 Pro,Oppo Reno 10 Pro,Oppo Reno 11F,Samsung Galaxy A05s,Oppo A79,Oppo Reno 10 Pro+,Oppo Find N3,Vivo V30 Pro,Oppo Find X7 Ultra
Oppo Reno 10 Pro,Oppo Reno 11 Pro,Oppo Reno 11F,Oppo Reno 11,Oppo Reno 10,Oppo A79,Oppo Reno 10 Pro+,Oppo Find X7 Ultra,Oppo A60,Samsung Galaxy A05s,Vivo V30 Pro
Oppo Reno 10 Pro+,Oppo Find X7 Ultra,Oppo Reno 11 Pro,Huawei P60 Pro,Oppo Reno 10 Pro,Huawei Pura 70 Pro,Huawei Pura 70 Ultra,Oppo Reno 11,Oppo Find X7,Oppo A98 5G,Oppo Reno 11F
Oppo Find X7 Ultra,Oppo Reno 10 Pro+,Huawei P60 Pro,Huawei Pura 70 Pro,Huawei Pura 70 Ultra,Oppo Find X7,Oppo Reno 11 Pro,Huawei Pura 70,Huawei Mate X3,Oppo Reno 10 Pro,Vivo V30
Oppo Find X7,Huawei Pura 70 Ultra,Xiaomi 14,Oppo Find N3,Huawei Mate X3,Oppo Find X7 Ultra,Oppo Reno 10 Pro+,Huawei P60 Pro,Huawei Nova 11 Pro,Asus ROG Phone 8,Asus Zenfone 11 Ultra
Oppo A98 5G,Vivo Y27s,Vivo V30,Oppo A60,Huawei Nova 12 SE,Vivo V30 Pro,Vivo V30e,Huawei Nova 12s,Vivo V29e,Vivo T3x,Asus Zenfone 10
Oppo A60,Oppo A98 5G,Oppo A38,Vivo Y27s,Huawei Nova 12 SE,Vivo Y17s,Vivo Y18,Huawei Nova Y72,Vivo V30 Pro,Oppo Reno 11F,Oppo Reno 10 Pro
Oppo Find N3,Oppo Find X7,Xiaomi 14,Oppo Reno 11,Oppo Find X7 Ultra,Huawei Pura 70 Ultra,Oppo Reno 10,Oppo Reno 10 Pro+,Infinix GT 20 Pro,Infinix Zero 30 5G,Xiaomi 13T
Oppo A79,Oppo Pad Neo,Oppo A38,Oppo A18,Samsung Galaxy A05s,Oppo Reno 11F,Redmi Note 13 4G,Oppo Reno 10 Pro,Infinix Hot 40i,Oppo Reno 11 Pro,Oppo Reno 10
Oppo A18,Oppo Pad Neo,Oppo A38,Oppo A79,Redmi Note 13 4G,Samsung Galaxy A05s,Infinix Hot 40i,Redmi Note 13 5G,Realme C67,Samsung Galaxy M34,Samsung Galaxy A25
Oppo A38,Oppo Pad Neo,Redmi Note 13 4G,Oppo A79,Oppo A18,Samsung Galaxy A05s,Oppo A60,Infinix Hot 40i,Oppo Reno 11F,Oppo Reno 10 Pro,Redmi Note 13 5G
Oppo Pad Neo,Oppo A18,Oppo A38,Oppo A79,Redmi Note 13 4G,Samsung Galaxy A05s,Redmi Note 13 5G,Infinix Hot 40i,Realme C67,Redmi Note 13 Pro 4G,Samsung Galaxy M34
Asus Zenfone 11 Ultra,Asus ROG Phone 8,Asus ROG Phone 8 Pro,Samsung Galaxy S24+,Samsung Galaxy Z Fold5,Xiaomi 14,Samsung Galaxy Z Flip5,Xiaomi 13T,Oppo Find X7,iPhone 15 Pro,iPhone 15 Pro Max
Asus Zenfone 10,Vivo V30e,Vivo V30,Vivo T3x,Vivo Y100,Vivo V29e,Vivo V29,Vivo Y27s,Huawei Nova 11,Huawei Nova 12 SE,Huawei Nova Y72
Asus ROG Phone 8 Pro,Asus Zenfone 11 Ultra,Asus ROG Phone 8,Samsung Galaxy S24+,Samsung Galaxy Z Fold5,Xiaomi 14,Samsung Galaxy Z Flip5,Xiaomi 13T,Oppo Find X7,iPhone 15 Pro,iPhone 15 Pro Max
Asus ROG Phone 8,Asus Zenfone 11 Ultra,Asus ROG Phone 8 Pro,Samsung Galaxy S24+,Samsung Galaxy Z Fold5,Xiaomi 14,Samsung Galaxy Z Flip5,Xiaomi 13T,Oppo Find X7,iPhone 15 Pro,Samsung Galaxy S24
Infinix Smart 8,Redmi 13C,Realme Note 50,Redmi 12,Redmi A3,Infinix Hot 40i,Infinix Smart 8 Pro,Realme C65,Realme C53,Infinix Hot 40 Pro,Realme C55
Infinix Smart 8 Pro,Infinix Hot 40 Pro,Infinix Note 40,Redmi Note13 Pro 5G,Infinix Zero 30 4G,Redmi Note 13 Pro+,Realme 12 Pro+ 5G,Realme 12 5G,Redmi 12,Redmi 13C,Infinix Note 40 Pro
Infinix GT 20 Pro,Infinix Note 40 Pro,Infinix Zero 30 5G,Poco X6 Pro 5G,Infinix Zero 30 4G,Xiaomi 13T,Realme 12 Pro+ 5G,Poco F5,Oppo Find N3,Redmi Note13 Pro 5G,Poco X6 5G
Infinix Note 40 Pro,Infinix Zero 30 4G,Infinix GT 20 Pro,Infinix Zero 30 5G,Realme 12 Pro+ 5G,Poco X6 Pro 5G,Redmi Note13 Pro 5G,Poco F5,Poco X6 5G,Samsung Galaxy A15,Infinix Smart 8 Pro
Infinix Note 40,Infinix Hot 40 Pro,Realme 11 Pro+ 5G,Realme 12 5G,Redmi Note 13 Pro+,Redmi Note13 Pro 5G,Redmi Note 13 Pro 4G,Samsung Galaxy A15,Poco C65,Infinix Smart 8 Pro,Realme C67
Infinix Hot 40i,Oppo A18,Oppo A38,Oppo Pad Neo,Oppo A79,Redmi Note 13 4G,Redmi 12,Realme Note 50,Redmi 13C,Samsung Galaxy A05s,Oppo A60
Infinix Hot 40 Pro,Infinix Note 40,Realme 12 5G,Realme 11 Pro+ 5G,Redmi Note 13 Pro+,Redmi Note13 Pro 5G,Redmi Note 13 Pro 4G,Poco C65,Samsung Galaxy A15,Infinix Smart 8 Pro,Realme C67
Infinix Zero 30 5G,Infinix GT 20 Pro,Infinix Note 40 Pro,Samsung Galaxy A15,Infinix Zero 30 4G,Realme 12 Pro+ 5G,Redmi Note13 Pro 5G,Samsung Galaxy A35,Xiaomi 13T,Poco X6 Pro 5G,Oppo Find N3
Infinix Zero 30 4G,Infinix Note 40 Pro,Realme 12 Pro+ 5G,Redmi Note13 Pro 5G,Infinix Zero 30 5G,Infinix GT 20 Pro,Samsung Galaxy A15,Infinix Smart 8 Pro,Poco X6 Pro 5G,Poco F5,Infinix Note 40
Samsung Galaxy A15,Redmi Note13 Pro 5G,Infinix Zero 30 5G,Samsung Galaxy A35,Poco C65,Realme 12 5G,Realme 12 Pro+ 5G,Samsung Galaxy S24 Ultra,Infinix Note 40,Infinix Hot 40 Pro,Infinix Zero 30 4G
Samsung Galaxy A25,Samsung Galaxy M34,Samsung Galaxy S24 Ultra,Samsung Galaxy A55,Samsung Galaxy A05s,Redmi Note 13 Pro 4G,Realme C67,Redmi Note 13 5G,Samsung Galaxy M54,Realme 11 Pro+ 5G,Samsung Galaxy S24
Samsung Galaxy S24 Ultra,Samsung Galaxy A25,Samsung Galaxy M34,Samsung Galaxy A55,Samsung Galaxy A35,Samsung Galaxy A15,Poco C65,Samsung Galaxy S24,Realme 12 5G,Samsung Galaxy A05s,Redmi Note 13 Pro 4G
Samsung Galaxy S24+,Asus ROG Phone 8 Pro,Asus Zenfone 11 Ultra,Asus ROG Phone 8,Samsung Galaxy Z Fold5,Xiaomi 14,Samsung Galaxy Z Flip5,Samsung Galaxy S24,iPhone 15 Pro,iPhone 15 Pro Max,Xiaomi 13T
Samsung Galaxy S24,Samsung Galaxy A55,iPhone 14 Pro,iPhone 14 Pro Max,iPhone 15 Pro,iPhone 15 Pro Max,Samsung Galaxy S24 Ultra,Samsung Galaxy A35,Samsung Galaxy A25,Samsung Galaxy M34,Samsung Galaxy Z Fold5
Samsung Galaxy Z Fold5,Samsung Galaxy S24+,Asus ROG Phone 8 Pro,Asus Zenfone 11 Ultra,Asus ROG Phone 8,Xiaomi 14,Xiaomi 13T,Samsung Galaxy A35,iPhone 15 Pro,iPhone 15 Pro Max,iPhone 14 Pro
Samsung Galaxy Z Flip5,Samsung Galaxy S24+,Asus ROG Phone 8 Pro,Asus Zenfone 11 Ultra,Asus ROG Phone 8,Huawei Mate X3,Xiaomi 14,Samsung Galaxy Z Fold5,iPhone 14 Plus,iPhone 13,iPhone 15 Pro Max
Samsung Galaxy M34,Samsung Galaxy A25,Samsung Galaxy S24 Ultra,Samsung Galaxy A55,Samsung Galaxy A05s,Redmi Note 13 Pro 4G,Realme C67,Redmi Note 13 5G,Samsung Galaxy M54,Realme 11 Pro+ 5G,Samsung Galaxy S24
Samsung Galaxy M54,Samsung Galaxy A55,Samsung Galaxy M34,Samsung Galaxy A25,Redmi Note 13 4G,Redmi Note 13 5G,Realme C67,Samsung Galaxy A05s,iPhone 12,Samsung Galaxy S24,Samsung Galaxy S24 Ultra
Samsung Galaxy A05s,Oppo Pad Neo,Redmi Note 13 4G,Oppo A38,Samsung Galaxy M34,Samsung Galaxy A25,Oppo A79,Oppo A18,Samsung Galaxy A55,Oppo Reno 10,Redmi Note 13 5G
Samsung Galaxy A55,Samsung Galaxy S24,Samsung Galaxy M34,Samsung Galaxy A25,Samsung Galaxy S24 Ultra,Samsung Galaxy A05s,Samsung Galaxy M54,Samsung Galaxy A35,iPhone 14 Pro,iPhone 15 Pro,iPhone 14 Pro Max
Samsung Galaxy A35,Xiaomi 13T,Samsung Galaxy Z Fold5,iPhone 15 Pro,iPhone 15 Pro Max,iPhone 14 Pro,iPhone 14 Pro Max,Samsung Galaxy A15,Samsung Galaxy S24 Ultra,Samsung Galaxy S24,Infinix Zero 30 5G
Vivo V30e,Vivo T3x,Vivo V29e,Asus Zenfone 10,Huawei Nova 11,Vivo Y27s,Vivo V29,Huawei Nova 12s,Vivo V30,Huawei Nova 12 SE,Vivo Y100
Vivo V30,Asus Zenfone 10,Vivo Y100,Vivo V30e,Vivo T3x,Vivo Y27s,Vivo V29e,Oppo A98 5G,Huawei Nova 12 SE,Vivo V29,Huawei Nova Y72
Vivo V30 Pro,Oppo A98 5G,Oppo A60,Oppo Reno 11 Pro,Oppo Reno 11F,Oppo Reno 10 Pro+,Vivo Y27s,Oppo Reno 10 Pro,Oppo Reno 11,Oppo Find X7 Ultra,Oppo Find X7
Vivo Y27s,Huawei Nova 12 SE,Huawei Nova 12s,Vivo V29e,Vivo V30e,Vivo T3x,Oppo A98 5G,Huawei Nova Y72,Vivo Y18,Vivo Y17s,Asus Zenfone 10
Vivo Y100,Vivo V29,Asus Zenfone 10,Huawei Pura 70,Vivo V30,Vivo T3x,Vivo V30e,Huawei Pura 70 Pro,Huawei P60 Pro,Vivo V29e,Huawei Mate X3
Vivo T3x,Vivo V30e,Vivo V29e,Vivo V29,Asus Zenfone 10,Huawei Nova 11,Vivo Y27s,Vivo Y100,Huawei Nova 12s,Vivo V30,Huawei Nova 12 SE
Vivo Y18,Vivo Y17s,Huawei Nova 12 SE,Huawei Nova Y72,Huawei Nova 12s,Vivo Y27s,Vivo V29e,Huawei Nova 11,Vivo V30e,Asus Zenfone 10,Vivo T3x
Vivo V29e,Vivo V30e,Vivo T3x,Huawei Nova 11,Huawei Nova 12s,Vivo Y27s,Huawei Nova 12 SE,Asus Zenfone 10,Vivo V29,Vivo V30,Vivo Y100
Vivo Y17s,Vivo Y18,Huawei Nova Y72,Huawei Nova 12 SE,Vivo Y27s,Huawei Nova 12s,Vivo V29e,Huawei Nova 11,Vivo V30e,Asus Zenfone 10,Vivo T3x
Vivo V29,Vivo T3x,Vivo Y100,Vivo V30e,Asus Zenfone 10,Vivo V29e,Huawei Nova 11,Vivo V30,Huawei Pura 70,Vivo Y27s,Huawei Nova 12s
Huawei Pura 70 Ultra,Oppo Find X7,Huawei Mate X3,Huawei P60 Pro,Oppo Find X7 Ultra,Huawei Pura 70,Huawei Nova 11 Pro,Xiaomi 14,Huawei Pura 70 Pro,Oppo Reno 10 Pro+,Vivo Y100
Huawei Pura 70 Pro,Huawei P60 Pro,Huawei Pura 70,Vivo Y100,Oppo Find X7 Ultra,Huawei Nova 11 Pro,Vivo V30,Huawei Mate X3,Huawei Pura 70 Ultra,Oppo Reno 10 Pro+,Asus Zenfone 10
Huawei Pura 70,Huawei Mate X3,Huawei P60 Pro,Vivo Y100,Huawei Pura 70 Pro,Huawei Nova 11 Pro,Asus Zenfone 10,Vivo V29,Huawei Pura 70 Ultra,Vivo V30,Vivo T3x
Huawei Nova 12s,Huawei Nova 12 SE,Vivo Y27s,Vivo V29e,Huawei Nova 11,Vivo V30e,Vivo Y18,Vivo T3x,Vivo Y17s,Huawei Nova Y72,Asus Zenfone 10
Huawei Nova 12 SE,Vivo Y27s,Huawei Nova 12s,Vivo Y18,Vivo Y17s,Huawei Nova Y72,Vivo V29e,Vivo V30e,Huawei Nova 11,Vivo T3x,Asus Zenfone 10
Huawei P60 Pro,Huawei Pura 70 Pro,Huawei Pura 70,Oppo Find X7 Ultra,Vivo Y100,Huawei Mate X3,Huawei Pura 70 Ultra,Huawei Nova 11 Pro,Vivo V30,Oppo Reno 10 Pro+,Asus Zenfone 10
Huawei Mate X3,Huawei Pura 70,Huawei Pura 70 Ultra,Huawei P60 Pro,Huawei Nova 11 Pro,Huawei Pura 70 Pro,Vivo Y100,Oppo Find X7,Asus Zenfone 10,Vivo V29,Samsung Galaxy Z Flip5
Huawei Nova Y72,Vivo Y17s,Vivo Y18,Huawei Nova 12 SE,Vivo Y27s,Huawei Nova 12s,Vivo V29e,Asus Zenfone 10,Vivo V30e,Vivo V30,Huawei Nova 11
Huawei Nova 11 Pro,Huawei Pura 70,Huawei Mate X3,Huawei P60 Pro,Huawei Pura 70 Pro,Huawei Pura 70 Ultra,Vivo Y100,Oppo Find X7,Oppo Find X7 Ultra,Oppo Reno 10 Pro+,Vivo V30
Huawei Nova 11,Vivo V29e,Vivo V30e,Vivo T3x,Huawei Nova 12s,Vivo V29,Huawei Nova 12 SE,Vivo Y27s,Asus Zenfone 10,Vivo Y18,Huawei Nova Y72
iPhone 12,iPhone SE (3rd gen),Samsung Galaxy M54,iPhone 14,Redmi Note 13 4G,iPhone 15 Plus,iPhone 15,Vivo Y17s,Oppo A38,iPhone 14 Plus,Vivo Y18
iPhone 13,iPhone 14 Plus,iPhone 15 Plus,iPhone 15,iPhone 14,Samsung Galaxy S24,Samsung Galaxy Z Flip5,iPhone 14 Pro Max,iPhone 14 Pro,iPhone SE (3rd gen),iPhone 15 Pro Max
iPhone SE (3rd gen),iPhone 12,iPhone 15 Plus,iPhone 15,iPhone 14,Samsung Galaxy M54,iPhone 13,iPhone 14 Plus,Samsung Galaxy A55,Samsung Galaxy S24,Redmi Note 13 4G
iPhone 14,iPhone 15 Plus,iPhone 15,iPhone 14 Plus,iPhone 13,Samsung Galaxy S24,iPhone SE (3rd gen),iPhone 12,Samsung Galaxy M54,Samsung Galaxy A55,Samsung Galaxy Z Flip5
iPhone 14 Plus,iPhone 13,iPhone 15 Plus,iPhone 15,iPhone 14,Samsung Galaxy S24,Samsung Galaxy Z Flip5,iPhone 14 Pro Max,iPhone 14 Pro,iPhone 15 Pro Max,iPhone 15 Pro
iPhone 14 Pro,iPhone 14 Pro Max,iPhone 15 Pro Max,iPhone 15 Pro,Samsung Galaxy A35,Samsung Galaxy Z Fold5,Samsung Galaxy S24,Xiaomi 13T,Samsung Galaxy S24+,Samsung Galaxy A55,Asus ROG Phone 8 Pro
iPhone 14 Pro Max,iPhone 14 Pro,iPhone 15 Pro Max,iPhone 15 Pro,Samsung Galaxy A35,Samsung Galaxy Z Fold5,Samsung Galaxy S24,Xiaomi 13T,Samsung Galaxy S24+,Samsung Galaxy A55,Asus ROG Phone 8 Pro
iPhone 15,iPhone 15 Plus,iPhone 14,iPhone 13,iPhone 14 Plus,Samsung Galaxy S24,iPhone SE (3rd gen),Samsung Galaxy M54,Samsung Galaxy A55,iPhone 14 Pro Max,iPhone 14 Pro
iPhone 15 Plus,iPhone 15,iPhone 14,iPhone 13,iPhone 14 Plus,Samsung Galaxy S24,iPhone SE (3rd gen),Samsung Galaxy M54,Samsung Galaxy A55,iPhone 14 Pro Max,iPhone 14 Pro
iPhone 15 Pro,iPhone 15 Pro Max,iPhone 14 Pro,iPhone 14 Pro Max,Samsung Galaxy A35,Samsung Galaxy Z Fold5,Samsung Galaxy S24,Xiaomi 13T,Samsung Galaxy S24+,Samsung Galaxy A55,Asus ROG Phone 8 Pro
iPhone 15 Pro Max,iPhone 15 Pro,iPhone 14 Pro,iPhone 14 Pro Max,Samsung Galaxy A35,Samsung Galaxy Z Fold5,Samsung Galaxy S24,Xiaomi 13T,Samsung Galaxy S24+,Samsung Galaxy A55,Asus ROG Phone 8 Pro
Realme C65,Realme C53,Realme C51,Realme C51s,Realme C55,Redmi Note 13 Pro+,Redmi Note 13 Pro 4G,Redmi Note 13 5G,Realme C67,Realme Note 50,Realme 11 Pro+ 5G
Realme C55,Realme C53,Realme C51s,Realme C51,Realme C65,Redmi Note 13 5G,Realme C67,Redmi Note 13 Pro 4G,Realme 11 Pro+ 5G,Infinix Hot 40 Pro,Realme 12 5G
Realme C51,Realme C51s,Realme C53,Realme C65,Realme C55,Realme C67,Redmi Note 13 5G,Redmi Note 13 Pro 4G,Realme 11 Pro+ 5G,Redmi Note 13 Pro+,Realme 12 5G
Realme C51s,Realme C51,Realme C53,Realme C55,Realme C65,Redmi Note 13 5G,Realme C67,Redmi Note 13 Pro 4G,Realme 11 Pro+ 5G,Redmi Note 13 Pro+,Realme 12 5G
Realme Note 50,Infinix Smart 8,Redmi 13C,Redmi 12,Realme C65,Realme C53,Infinix Hot 40i,Realme C55,Infinix Hot 40 Pro,Oppo A18,Infinix Smart 8 Pro
Realme C53,Realme C51s,Realme C51,Realme C65,Realme C55,Redmi Note 13 5G,Realme C67,Redmi Note 13 Pro 4G,Realme 11 Pro+ 5G,Redmi Note 13 Pro+,Infinix Hot 40 Pro
Realme C67,Redmi Note 13 5G,Redmi Note 13 Pro 4G,Realme C55,Realme 11 Pro+ 5G,Samsung Galaxy M34,Samsung Galaxy A25,Realme C53,Realme C51s,Realme C51,Oppo Pad Neo
Realme 12 Pro+ 5G,Infinix Zero 30 4G,Redmi Note13 Pro 5G,Infinix Zero 30 5G,Samsung Galaxy A15,Infinix Note 40 Pro,Poco C65,Infinix GT 20 Pro,Infinix Smart 8 Pro,Xiaomi 13T,Poco X6 Pro 5G
Realme 12+ 5G,Poco X6 5G,Realme 12 Pro+ 5G,Poco F5,Infinix Zero 30 4G,Poco C65,Redmi Note 13 Pro+,Infinix Smart 8 Pro,Redmi Note13 Pro 5G,Poco X6 Pro 5G,Realme 12 5G
Realme 12 5G,Infinix Hot 40 Pro,Infinix Note 40,Poco C65,Redmi Note 13 Pro+,Realme 11 Pro+ 5G,Redmi Note13 Pro 5G,Redmi Note 13 Pro 4G,Samsung Galaxy A15,Samsung Galaxy S24 Ultra,Samsung Galaxy A25
Realme 11 Pro+ 5G,Redmi Note 13 Pro 4G,Infinix Note 40,Infinix Hot 40 Pro,Realme 12 5G,Realme C67,Redmi Note 13 Pro+,Redmi Note 13 5G,Realme C55,Samsung Galaxy A25,Samsung Galaxy M34
Xiaomi 14,Oppo Find X7,Asus ROG Phone 8 Pro,Samsung Galaxy Z Fold5,Asus Zenfone 11 Ultra,Asus ROG Phone 8,Samsung Galaxy S24+,Huawei Pura 70 Ultra,Xiaomi 13T,Oppo Find N3,Samsung Galaxy A35
Xiaomi 13T,Samsung Galaxy A35,Samsung Galaxy Z Fold5,Xiaomi 14,Infinix Zero 30 5G,iPhone 15 Pro,iPhone 15 Pro Max,iPhone 14 Pro,iPhone 14 Pro Max,Infinix GT 20 Pro,Asus ROG Phone 8 Pro
Redmi Note 13 Pro+,Infinix Note 40,Infinix Hot 40 Pro,Realme 12 5G,Realme 11 Pro+ 5G,Redmi Note13 Pro 5G,Poco C65,Redmi Note 13 Pro 4G,Realme C65,Infinix Smart 8 Pro,Samsung Galaxy A15
Redmi Note13 Pro 5G,Realme 12 5G,Samsung Galaxy A15,Infinix Note 40,Infinix Hot 40 Pro,Infinix Zero 30 4G,Poco C65,Realme 12 Pro+ 5G,Infinix Zero 30 5G,Redmi Note 13 Pro+,Infinix Note 40 Pro
Redmi Note 13 Pro 4G,Realme C67,Realme 11 Pro+ 5G,Redmi Note 13 5G,Realme C55,Infinix Hot 40 Pro,Realme 12 5G,Samsung Galaxy M34,Samsung Galaxy A25,Infinix Note 40,Realme C53
Redmi Note 13 5G,Realme C67,Redmi Note 13 Pro 4G,Realme C55,Samsung Galaxy M34,Samsung Galaxy A25,Realme 11 Pro+ 5G,Realme C53,Oppo Pad Neo,Redmi Note 13 4G,Samsung Galaxy M54
Redmi Note 13 4G,Oppo A38,Oppo Pad Neo,Samsung Galaxy A05s,Oppo A18,Oppo A79,Redmi Note 13 5G,Samsung Galaxy M54,Realme C67,Infinix Hot 40i,Oppo A60
Redmi 13C,Redmi 12,Infinix Smart 8,Realme Note 50,Redmi A3,Infinix Smart 8 Pro,Infinix Hot 40i,Infinix Hot 40 Pro,Infinix Note 40,Realme C65,Oppo A18
Redmi A3,Infinix Smart 8,Redmi 13C,Redmi 12,Realme Note 50,Infinix Smart 8 Pro,Infinix Hot 40i,Infinix Hot 40 Pro,Realme C65,Redmi Note 13 Pro+,Infinix Note 40
Redmi 12,Redmi 13C,Infinix Smart 8,Realme Note 50,Infinix Hot 40i,Infinix Smart 8 Pro,Redmi A3,Infinix Hot 40 Pro,Infinix Note 40,Oppo A18,Realme C65
Poco F5,Poco X6 5G,Poco X6 Pro 5G,Infinix Note 40 Pro,Infinix GT 20 Pro,Realme 12 Pro+ 5G,Infinix Zero 30 4G,Infinix Zero 30 5G,Xiaomi 13T,Realme 12+ 5G,Redmi Note13 Pro 5G
Poco X6 Pro 5G,Poco F5,Poco X6 5G,Infinix GT 20 Pro,Infinix Note 40 Pro,Xiaomi 13T,Infinix Zero 30 5G,Realme 12 Pro+ 5G,Infinix Zero 30 4G,Samsung Galaxy A35,Samsung Galaxy Z Fold5
Poco X6 5G,Poco F5,Poco X6 Pro 5G,Infinix Note 40 Pro,Realme 12 Pro+ 5G,Infinix GT 20 Pro,Infinix Zero 30 4G,Realme 12+ 5G,Infinix Zero 30 5G,Xiaomi 13T,Redmi Note13 Pro 5G
Poco C65,Realme 12 5G,Redmi Note13 Pro 5G,Samsung Galaxy A15,Infinix Hot 40 Pro,Samsung Galaxy S24 Ultra,Infinix Note 40,Redmi Note 13 Pro+,Realme 12 Pro+ 5G,Samsung Galaxy A25,Samsung Galaxy M34
